```sql
--1、找出每个部门薪资最高的员工的名字
select
	e.ename,t.deptno,t.maxsal
from
	emp e
join
	(select max(sal) as maxsal,deptno from emp group by deptno) t
on
	e.sal=t.maxsal and e.deptno=t.deptno
order by
	t.maxsal desc;
+-------+--------+---------+
| ename | deptno | maxsal  |
+-------+--------+---------+
| KING  |     10 | 5000.00 |
| FORD  |     20 | 3000.00 |
| SCOTT |     20 | 3000.00 |
| BLAKE |     30 | 2850.00 |
+-------+--------+---------+
4 rows in set (0.35 sec)

--2、哪些人的薪水在部门的平均薪水之上
mysql> select deptno,avg(sal) as avgsal from emp group by deptno;
+--------+-------------+
| deptno | avgsal      |
+--------+-------------+
|     10 | 2916.666667 |
|     20 | 2175.000000 |
|     30 | 1566.666667 |
+--------+-------------+
3 rows in set (0.00 sec)
select
	 e.ename,e.sal,t.*
from
	emp e
join
	(select deptno,avg(sal) as avgsal from emp group by deptno) t
on
	e.sal>t.avgsal and e.deptno=t.deptno;
+-------+---------+--------+-------------+
| ename | sal     | deptno | avgsal      |
+-------+---------+--------+-------------+
| ALLEN | 1600.00 |     30 | 1566.666667 |
| JONES | 2975.00 |     20 | 2175.000000 |
| BLAKE | 2850.00 |     30 | 1566.666667 |
| SCOTT | 3000.00 |     20 | 2175.000000 |
| KING  | 5000.00 |     10 | 2916.666667 |
| FORD  | 3000.00 |     20 | 2175.000000 |
+-------+---------+--------+-------------+
6 rows in set (0.14 sec)

--3、取得部门中（所有人的）平均的薪水等级
mysql> select e.deptno,e.ename,e.sal,s.grade from emp e join salgrade s on e.sal between s.losal and s.hisal;
+--------+--------+---------+-------+
| deptno | ename  | sal     | grade |
+--------+--------+---------+-------+
|     20 | SMITH  |  800.00 |     1 |
|     30 | JAMES  |  950.00 |     1 |
|     20 | ADAMS  | 1100.00 |     1 |
|     30 | WARD   | 1250.00 |     2 |
|     30 | MARTIN | 1250.00 |     2 |
|     10 | MILLER | 1300.00 |     2 |
|     30 | TURNER | 1500.00 |     3 |
|     30 | ALLEN  | 1600.00 |     3 |
|     20 | JONES  | 2975.00 |     4 |
|     30 | BLAKE  | 2850.00 |     4 |
|     10 | CLARK  | 2450.00 |     4 |
|     20 | SCOTT  | 3000.00 |     4 |
|     20 | FORD   | 3000.00 |     4 |
|     10 | KING   | 5000.00 |     5 |
+--------+--------+---------+-------+
14 rows in set (1.62 sec)
 select 
 	e.deptno,avg(s.grade) 
 from 
 	emp e 
 join 
 	salgrade s 
 on 
 	e.sal between s.losal and s.hisal
 group by e.deptno;
 +--------+--------------+
| deptno | avg(s.grade) |
+--------+--------------+
|     10 |       3.6667 |
|     20 |       2.8000 |
|     30 |       2.5000 |
+--------+--------------+
3 rows in set (0.00 sec)

--4、不准用组函数（Max），取得最高薪水
mysql> select sal from emp order by sal desc;
+---------+
| sal     |
+---------+
| 5000.00 |
| 3000.00 |
| 3000.00 |
| 2975.00 |
| 2850.00 |
| 2450.00 |
| 1600.00 |
| 1500.00 |
| 1300.00 |
| 1250.00 |
| 1250.00 |
| 1100.00 |
|  950.00 |
|  800.00 |
+---------+
14 rows in set (0.00 sec)

mysql> select sal from emp order by sal desc limit 0,1;
+---------+
| sal     |
+---------+
| 5000.00 |
+---------+
1 row in set (0.00 sec)

--5、取得平均薪水最高的部门的部门编号
mysql> select deptno,avg(sal) from emp group by deptno;
+--------+-------------+
| deptno | avg(sal)    |
+--------+-------------+
|     10 | 2916.666667 |
|     20 | 2175.000000 |
|     30 | 1566.666667 |
+--------+-------------+
3 rows in set (0.00 sec)

mysql> select deptno,avg(sal) as avgsal from emp group by deptno order by avgsal desc limit 1;
+--------+-------------+
| deptno | avgsal      |
+--------+-------------+
|     10 | 2916.666667 |
+--------+-------------+
1 row in set (1.51 sec)

--6、取得平均薪水最高的部门的部门名称
select
	d.*
from
	dept d
join
	(select deptno,avg(sal) as avgsal from emp group by deptno order by avgsal desc limit 1) t
on
	t.deptno=d.deptno;
+--------+------------+----------+
| DEPTNO | DNAME      | LOC      |
+--------+------------+----------+
|     10 | ACCOUNTING | NEW YORK |
+--------+------------+----------+
1 row in set (0.03 sec)

--7、求平均薪水的等级最低的部门的部门名称
select
	d.*
from
	dept d
join
	(select deptno,avg(sal) as avgsal from emp group by deptno order by avgsal asc limit 1) t
on
	t.deptno=d.deptno;
+--------+-------+---------+
| DEPTNO | DNAME | LOC     |
+--------+-------+---------+
|     30 | SALES | CHICAGO |
+--------+-------+---------+
1 row in set (0.04 sec)

--8、取得比普通员工(员工代码没有在mgr字段上出现的)的最高薪水还要高的领导人姓名
领导的工资肯定是大于普通员工的工资的，不需要找出领导表再和找出的普通员工的最高薪资表连接查询
select distinct mgr from emp where mgr is not null;
+------+
| mgr  |
+------+
| 7902 |
| 7698 |
| 7839 |
| 7566 |
| 7788 |
| 7782 |
+------+
6 rows in set (0.10 sec)
员工编号不在上面中的就是普通员工，not in
select max(sal) from emp where empno not in (select distinct mgr from emp where mgr is not null);
+----------+
| max(sal) |
+----------+
|  1600.00 |
+----------+
1 row in set (1.76 sec)
把上面作为where子查询
select ename,sal from emp where sal>(select max(sal) from emp where empno not in (select distinct mgr from emp where mgr is not null));
+-------+---------+
| ename | sal     |
+-------+---------+
| JONES | 2975.00 |
| BLAKE | 2850.00 |
| CLARK | 2450.00 |
| SCOTT | 3000.00 |
| KING  | 5000.00 |
| FORD  | 3000.00 |
+-------+---------+
6 rows in set (0.00 sec)

--9、取得薪水最高的前五名员工
select ename,sal from emp order by sal desc limit 0,5;
+-------+---------+
| ename | sal     |
+-------+---------+
| KING  | 5000.00 |
| FORD  | 3000.00 |
| SCOTT | 3000.00 |
| JONES | 2975.00 |
| BLAKE | 2850.00 |
+-------+---------+
5 rows in set (0.00 sec)

--10、取得薪水最高的第六到第十名员工
select ename,sal from emp order by sal desc limit 5,5;
+--------+---------+
| ename  | sal     |
+--------+---------+
| CLARK  | 2450.00 |
| ALLEN  | 1600.00 |
| TURNER | 1500.00 |
| MILLER | 1300.00 |
| WARD   | 1250.00 |
+--------+---------+
5 rows in set (0.00 sec)

--11、取得最后入职的5名员工
select ename,hiredate from emp order by hiredate desc limit 0,5;
+--------+------------+
| ename  | hiredate   |
+--------+------------+
| ADAMS  | 1987-05-23 |
| SCOTT  | 1987-04-19 |
| MILLER | 1982-01-23 |
| JAMES  | 1981-12-03 |
| FORD   | 1981-12-03 |
+--------+------------+
5 rows in set (0.00 sec)

--12、取得每个薪水等级有多少员工
select
	e.ename,e.sal,s.*
from
	emp e
join
	salgrade s
on
	e.sal between s.losal and s.hisal;
+--------+---------+-------+-------+-------+
| ename  | sal     | GRADE | LOSAL | HISAL |
+--------+---------+-------+-------+-------+
| SMITH  |  800.00 |     1 |   700 |  1200 |
| JAMES  |  950.00 |     1 |   700 |  1200 |
| ADAMS  | 1100.00 |     1 |   700 |  1200 |
| WARD   | 1250.00 |     2 |  1201 |  1400 |
| MARTIN | 1250.00 |     2 |  1201 |  1400 |
| MILLER | 1300.00 |     2 |  1201 |  1400 |
| TURNER | 1500.00 |     3 |  1401 |  2000 |
| ALLEN  | 1600.00 |     3 |  1401 |  2000 |
| JONES  | 2975.00 |     4 |  2001 |  3000 |
| BLAKE  | 2850.00 |     4 |  2001 |  3000 |
| CLARK  | 2450.00 |     4 |  2001 |  3000 |
| SCOTT  | 3000.00 |     4 |  2001 |  3000 |
| FORD   | 3000.00 |     4 |  2001 |  3000 |
| KING   | 5000.00 |     5 |  3001 |  9999 |
+--------+---------+-------+-------+-------+
14 rows in set (0.00 sec)
select 
	count(grade),t.grade
from 
	(select e.ename,e.sal,s.* from emp e join salgrade s on e.sal between s.losal and s.hisal) t
group by 
	t.grade;
+--------------+-------+
| count(grade) | GRADE |
+--------------+-------+
|            3 |     1 |
|            3 |     2 |
|            2 |     3 |
|            5 |     4 |
|            1 |     5 |
+--------------+-------+
5 rows in set (1.47 sec)

--13、面试题
有3个表S(学生表)，C（课程表），SC（学生选课表）
S（SNO，SNAME）代表（学号，姓名）  
C（CNO，CNAME，CTEACHER）代表（课号，课名，教师）
SC（SNO，CNO，SCGRADE）代表（学号，课号，成绩）
-----------------------------------------------------------------------------
CREATE TABLE SC
(
  SNO      VARCHAR(200),
  CNO      VARCHAR(200),
  SCGRADE  VARCHAR(200)
);

CREATE TABLE S
(
  SNO    VARCHAR(200 ),
  SNAME  VARCHAR(200)
);

CREATE TABLE C
(
  CNO       VARCHAR(200),
  CNAME     VARCHAR(200),
  CTEACHER  VARCHAR(200)
);

INSERT INTO C ( CNO, CNAME, CTEACHER ) VALUES ( '1', '语文', '张'); 
INSERT INTO C ( CNO, CNAME, CTEACHER ) VALUES ( '2', '政治', '王'); 
INSERT INTO C ( CNO, CNAME, CTEACHER ) VALUES ( '3', '英语', '李'); 
INSERT INTO C ( CNO, CNAME, CTEACHER ) VALUES ( '4', '数学', '赵'); 
INSERT INTO C ( CNO, CNAME, CTEACHER ) VALUES ( '5', '物理', '黎明'); 
commit;
 
INSERT INTO S ( SNO, SNAME ) VALUES ( '1', '学生1'); 
INSERT INTO S ( SNO, SNAME ) VALUES ( '2', '学生2'); 
INSERT INTO S ( SNO, SNAME ) VALUES ( '3', '学生3'); 
INSERT INTO S ( SNO, SNAME ) VALUES ( '4', '学生4'); 
commit;
 
INSERT INTO SC ( SNO, CNO, SCGRADE ) VALUES ( '1', '1', '40'); 
INSERT INTO SC ( SNO, CNO, SCGRADE ) VALUES ( '1', '2', '30'); 
INSERT INTO SC ( SNO, CNO, SCGRADE ) VALUES ( '1', '3', '20'); 
INSERT INTO SC ( SNO, CNO, SCGRADE ) VALUES ( '1', '4', '80'); 
INSERT INTO SC ( SNO, CNO, SCGRADE ) VALUES ( '1', '5', '60'); 
INSERT INTO SC ( SNO, CNO, SCGRADE ) VALUES ( '2', '1', '60'); 
INSERT INTO SC ( SNO, CNO, SCGRADE ) VALUES ( '2', '2', '60'); 
INSERT INTO SC ( SNO, CNO, SCGRADE ) VALUES ( '2', '3', '60'); 
INSERT INTO SC ( SNO, CNO, SCGRADE ) VALUES ( '2', '4', '60'); 
INSERT INTO SC ( SNO, CNO, SCGRADE ) VALUES ( '2', '5', '40'); 
INSERT INTO SC ( SNO, CNO, SCGRADE ) VALUES ( '3', '1', '60'); 
INSERT INTO SC ( SNO, CNO, SCGRADE ) VALUES ( '3', '3', '80'); 
commit;
问题：
--1，找出没选过“黎明”老师的所有学生姓名。
select distinct sno from sc where cno not in(select cno from c where cteacher='黎明');
+------+
| sno  |
+------+
| 1    |
| 2    |
| 3    |
+------+
3 rows in set (0.68 sec)
select s.sname from s s join (select distinct sno from sc where cno not in(select cno from c where cteacher='黎明')) t on s.sno=t.sno;
+---------+
| sname   |
+---------+
| 学生1   |
| 学生2   |
| 学生3   |
+---------+
3 rows in set (0.01 sec)

--2，列出2门以上（含2门）不及格学生姓名及平均成绩。
select * from sc where scgrade<60;
+------+------+---------+
| SNO  | CNO  | SCGRADE |
+------+------+---------+
| 1    | 1    | 40      |
| 1    | 2    | 30      |
| 1    | 3    | 20      |
| 2    | 5    | 40      |
+------+------+---------+
4 rows in set (0.00 sec)
select count(cno) from (select * from sc where scgrade<60);
select count(cno) as countcno,sno from sc where scgrade<60 group by sno;
+----------+------+
| countcno | sno  |
+----------+------+
|       3  | 1    |
|       1  | 2    |
+----------+------+
2 rows in set (0.00 sec)
select s.sname from s s join (select count(cno) as countcno,sno from sc where scgrade<60 group by sno) t on s.sno=t.sno where t.countcno>=2;
+---------+
| sname   |
+---------+
| 学生1   |
+---------+
1 row in set (0.00 sec)

--3，既学过1号课程又学过2号课所有学生的姓名。
select sno,count(sno) as countsno from sc where cno in(1,2) group by sno;
+------+----------+
| sno  | countsno |
+------+----------+
| 1    |        2 |
| 2    |        2 |
| 3    |        1 |
+------+----------+
3 rows in set (0.00 sec)
mysql> select distinct t1.sno from (select sno,count(sno) as countsno from sc where cno in(1,2) group by sno) t1 where t1.countsno=2;
+------+
| sno  |
+------+
| 1    |
| 2    |
+------+
2 rows in set (0.00 sec)
select 
	s.sname 
from 
	s s 
join 
	(select distinct t1.sno from (select sno,count(sno) as countsno from sc where cno in(1,2) group by sno) t1 where t1.countsno=2) t 
on 
	s.sno=t.sno;
+---------+
| sname   |
+---------+
| 学生1   |
| 学生2   |
+---------+
2 rows in set (0.00 sec)
请用标准SQL语言写出答案，方言也行（请说明是使用什么方言）。

--14、列出所有员工及领导的姓名
select
	e.ename,ifnull(b.ename,'没有上级') as superior
from 
	emp e
left join
	emp b
on
	b.empno=e.mgr;
+--------+--------------+
| ename  | superior     |
+--------+--------------+
| SMITH  | FORD         |
| ALLEN  | BLAKE        |
| WARD   | BLAKE        |
| JONES  | KING         |
| MARTIN | BLAKE        |
| BLAKE  | KING         |
| CLARK  | KING         |
| SCOTT  | JONES        |
| KING   | 没有上级     |
| TURNER | BLAKE        |
| ADAMS  | SCOTT        |
| JAMES  | BLAKE        |
| FORD   | JONES        |
| MILLER | CLARK        |
+--------+--------------+
14 rows in set (0.00 sec)

--15、列出受雇日期早于其直接上级的所有员工的编号,姓名,部门名称
select
	e.empno,e.ename,d.dname
from 
	emp e
left join
	emp b
on
	b.empno=e.mgr
join
	dept d
on
	e.deptno=d.deptno
where
	e.hiredate<b.hiredate;
+-------+-------+------------+
| empno | ename | dname      |
+-------+-------+------------+
|  7369 | SMITH | RESEARCH   |
|  7499 | ALLEN | SALES      |
|  7521 | WARD  | SALES      |
|  7566 | JONES | RESEARCH   |
|  7698 | BLAKE | SALES      |
|  7782 | CLARK | ACCOUNTING |
+-------+-------+------------+
6 rows in set (0.00 sec)

--16、列出部门名称和这些部门的员工信息,同时列出那些没有员工的部门.
select
	d.dname,e.*
from
	dept d
left join
	emp e
on
	d.deptno=e.deptno;
    -> d.deptno=e.deptno;
+------------+-------+--------+-----------+------+------------+---------+---------+--------+
| dname      | EMPNO | ENAME  | JOB       | MGR  | HIREDATE   | SAL     | COMM    | DEPTNO |
+------------+-------+--------+-----------+------+------------+---------+---------+--------+
| RESEARCH   |  7369 | SMITH  | CLERK     | 7902 | 1980-12-17 |  800.00 |    NULL |     20 |
| SALES      |  7499 | ALLEN  | SALESMAN  | 7698 | 1981-02-20 | 1600.00 |  300.00 |     30 |
| SALES      |  7521 | WARD   | SALESMAN  | 7698 | 1981-02-22 | 1250.00 |  500.00 |     30 |
| RESEARCH   |  7566 | JONES  | MANAGER   | 7839 | 1981-04-02 | 2975.00 |    NULL |     20 |
| SALES      |  7654 | MARTIN | SALESMAN  | 7698 | 1981-09-28 | 1250.00 | 1400.00 |     30 |
| SALES      |  7698 | BLAKE  | MANAGER   | 7839 | 1981-05-01 | 2850.00 |    NULL |     30 |
| ACCOUNTING |  7782 | CLARK  | MANAGER   | 7839 | 1981-06-09 | 2450.00 |    NULL |     10 |
| RESEARCH   |  7788 | SCOTT  | ANALYST   | 7566 | 1987-04-19 | 3000.00 |    NULL |     20 |
| ACCOUNTING |  7839 | KING   | PRESIDENT | NULL | 1981-11-17 | 5000.00 |    NULL |     10 |
| SALES      |  7844 | TURNER | SALESMAN  | 7698 | 1981-09-08 | 1500.00 |    0.00 |     30 |
| RESEARCH   |  7876 | ADAMS  | CLERK     | 7788 | 1987-05-23 | 1100.00 |    NULL |     20 |
| SALES      |  7900 | JAMES  | CLERK     | 7698 | 1981-12-03 |  950.00 |    NULL |     30 |
| RESEARCH   |  7902 | FORD   | ANALYST   | 7566 | 1981-12-03 | 3000.00 |    NULL |     20 |
| ACCOUNTING |  7934 | MILLER | CLERK     | 7782 | 1982-01-23 | 1300.00 |    NULL |     10 |
| OPERATIONS |  NULL | NULL   | NULL      | NULL | NULL       |    NULL |    NULL |   NULL |
+------------+-------+--------+-----------+------+------------+---------+---------+--------+
15 rows in set (0.00 sec)

--17、列出至少有5个员工的所有部门
select count(ename) as cename,deptno from emp group by deptno;
+--------+--------+
| cename | deptno |
+--------+--------+
|      3 |     10 |
|      5 |     20 |
|      6 |     30 |
+--------+--------+
3 rows in set (0.00 sec)
select
	d.*
from
	(select count(ename) as cename,deptno from emp group by deptno) t
join
	dept d
on
	t.deptno=d.deptno
where
	t.cename>=5;
+--------+----------+---------+
| DEPTNO | DNAME    | LOC     |
+--------+----------+---------+
|     20 | RESEARCH | DALLAS  |
|     30 | SALES    | CHICAGO |
+--------+----------+---------+
2 rows in set (0.00 sec)

--18、列出薪金比"SMITH"多的所有员工信息.
select * from emp where sal>(select sal from emp where ename='SMITH');
+-------+--------+-----------+------+------------+---------+---------+--------+
| EMPNO | ENAME  | JOB       | MGR  | HIREDATE   | SAL     | COMM    | DEPTNO |
+-------+--------+-----------+------+------------+---------+---------+--------+
|  7499 | ALLEN  | SALESMAN  | 7698 | 1981-02-20 | 1600.00 |  300.00 |     30 |
|  7521 | WARD   | SALESMAN  | 7698 | 1981-02-22 | 1250.00 |  500.00 |     30 |
|  7566 | JONES  | MANAGER   | 7839 | 1981-04-02 | 2975.00 |    NULL |     20 |
|  7654 | MARTIN | SALESMAN  | 7698 | 1981-09-28 | 1250.00 | 1400.00 |     30 |
|  7698 | BLAKE  | MANAGER   | 7839 | 1981-05-01 | 2850.00 |    NULL |     30 |
|  7782 | CLARK  | MANAGER   | 7839 | 1981-06-09 | 2450.00 |    NULL |     10 |
|  7788 | SCOTT  | ANALYST   | 7566 | 1987-04-19 | 3000.00 |    NULL |     20 |
|  7839 | KING   | PRESIDENT | NULL | 1981-11-17 | 5000.00 |    NULL |     10 |
|  7844 | TURNER | SALESMAN  | 7698 | 1981-09-08 | 1500.00 |    0.00 |     30 |
|  7876 | ADAMS  | CLERK     | 7788 | 1987-05-23 | 1100.00 |    NULL |     20 |
|  7900 | JAMES  | CLERK     | 7698 | 1981-12-03 |  950.00 |    NULL |     30 |
|  7902 | FORD   | ANALYST   | 7566 | 1981-12-03 | 3000.00 |    NULL |     20 |
|  7934 | MILLER | CLERK     | 7782 | 1982-01-23 | 1300.00 |    NULL |     10 |
+-------+--------+-----------+------+------------+---------+---------+--------+
13 rows in set (0.02 sec)

--19、列出所有"CLERK"(办事员)的姓名及其部门名称,部门的人数.
select ename,deptno from emp where job='CLERK';
+--------+--------+
| ename  | deptno |
+--------+--------+
| SMITH  |     20 |
| ADAMS  |     20 |
| JAMES  |     30 |
| MILLER |     10 |
+--------+--------+
4 rows in set (0.00 sec)
select count(ename) as cc,deptno from emp group by deptno;
+--------------+--------+
| count(ename) | deptno |
+--------------+--------+
|            3 |     10 |
|            5 |     20 |
|            6 |     30 |
+--------------+--------+
3 rows in set (0.00 sec)
select
	t1.ename,d.dname,t2.cc
from
	(select ename,deptno from emp where job='CLERK') t1
join
	(select count(ename) as cc,deptno from emp group by deptno) t2
on
	t1.deptno=t2.deptno
join
	dept d
on
	d.deptno=t1.deptno;
+--------+------------+----+
| ename  | dname      | cc |
+--------+------------+----+
| SMITH  | RESEARCH   |  5 |
| ADAMS  | RESEARCH   |  5 |
| JAMES  | SALES      |  6 |
| MILLER | ACCOUNTING |  3 |
+--------+------------+----+
4 rows in set (1.66 sec)

--20、列出最低薪金大于1500的各种工作及从事此工作的全部雇员人数.
select min(sal) as minsal,job from emp group by job;
+----------+-----------+
| min(sal) | job       |
+----------+-----------+
|  3000.00 | ANALYST   |
|   800.00 | CLERK     |
|  2450.00 | MANAGER   |
|  5000.00 | PRESIDENT |
|  1250.00 | SALESMAN  |
+----------+-----------+
5 rows in set (0.00 sec)
select t.job from (select min(sal) as minsal,job from emp group by job) t where minsal>1500;
+-----------+
| job       |
+-----------+
| ANALYST   |
| MANAGER   |
| PRESIDENT |
+-----------+
3 rows in set (0.00 sec)
select
	t.job,count(t.job)
from
	emp e
join
	(select t.job from (select min(sal) as minsal,job from emp group by job) t where minsal>1500) t
on
	e.job=t.job
group by
	t.job;
+-----------+--------------+
| job       | count(t.job) |
+-----------+--------------+
| ANALYST   |            2 |
| MANAGER   |            3 |
| PRESIDENT |            1 |
+-----------+--------------+
3 rows in set (0.00 sec)

--21、列出在部门"SALES"<销售部>工作的员工的姓名,假定不知道销售部的部门编号.
select 
	e.ename,d.dname
from 
	emp e 
join
	dept d
on
	e.deptno=d.deptno;
+--------+------------+
| ename  | dname      |
+--------+------------+
| SMITH  | RESEARCH   |
| ALLEN  | SALES      |
| WARD   | SALES      |
| JONES  | RESEARCH   |
| MARTIN | SALES      |
| BLAKE  | SALES      |
| CLARK  | ACCOUNTING |
| SCOTT  | RESEARCH   |
| KING   | ACCOUNTING |
| TURNER | SALES      |
| ADAMS  | RESEARCH   |
| JAMES  | SALES      |
| FORD   | RESEARCH   |
| MILLER | ACCOUNTING |
+--------+------------+
14 rows in set (0.00 sec)
select 
	e.ename 
from 
	emp e 
join
	dept d
on
	e.deptno=d.deptno
where
	d.dname='SALES';
+--------+
| ename  |
+--------+
| ALLEN  |
| WARD   |
| MARTIN |
| BLAKE  |
| TURNER |
| JAMES  |
+--------+
6 rows in set (0.00 sec)

--22、列出薪金高于公司平均薪金的所有员工,所在部门,上级领导,雇员的工资等级.
```

